INSERT INTO COUNTRY ( ID , NAME ) VALUES ( 1 , 'iran')

INSERT INTO STATE ( ID , NAME , COUNTRY_ID ) VALUES ( 1 , 'Tehran' , 1 )
INSERT INTO STATE ( ID , NAME , COUNTRY_ID ) VALUES ( 2 , 'Az Sharghi' , 1 )

INSERT INTO CITY ( ID , NAME , STATE_ID ) VALUES ( 1 , 'Tehran' , 1 )
INSERT INTO CITY ( ID , NAME , STATE_ID ) VALUES ( 2 , 'Tabriz' , 2 )

INSERT INTO LOCATION_TYPE ( ID , NAME ) VALUES ( 1 , 'branch' )

INSERT INTO LOCATION ( ID , LATITUDE , LONGITUDE , NAME , DESCRIPTION , ADDRESS , ADDITIONAL_DATA , CITY_ID , LOCATION_TYPE_ID , COVER , IMAGE_SLIDE , RATING) VALUES ( 1 , '38.0703062' , '46.3026178' , 'location1' , 'description1' , 'address1' , '{s1:1}' , 2 , 1 , 'FALSE' , 0 , 0)
INSERT INTO LOCATION ( ID , LATITUDE , LONGITUDE , NAME , DESCRIPTION , ADDRESS , ADDITIONAL_DATA , CITY_ID , LOCATION_TYPE_ID , COVER , IMAGE_SLIDE , RATING) VALUES ( 2 , '38.0500322' , '46.3407267' , 'location2' , 'description2' , 'address2' , '{s1:2}' , 2 , 1 , 'FALSE' , 0 , 0)
INSERT INTO LOCATION ( ID , LATITUDE , LONGITUDE , NAME , DESCRIPTION , ADDRESS , ADDITIONAL_DATA , CITY_ID , LOCATION_TYPE_ID , COVER , IMAGE_SLIDE , RATING) VALUES ( 3 , '38.0759513' , '46.2533970' , 'location3' , 'description3' , 'address3' , '{s1:1}' , 2 , 1 , 'FALSE' , 0 , 0)
INSERT INTO LOCATION ( ID , LATITUDE , LONGITUDE , NAME , DESCRIPTION , ADDRESS , ADDITIONAL_DATA , CITY_ID , LOCATION_TYPE_ID , COVER , IMAGE_SLIDE , RATING) VALUES ( 4 , '38.0980532' , '46.2833670' , 'location4' , 'description4' , 'address4' , '{s1:2}' , 2 , 1 , 'FALSE' , 0 , 0)
INSERT INTO LOCATION ( ID , LATITUDE , LONGITUDE , NAME , DESCRIPTION , ADDRESS , ADDITIONAL_DATA , CITY_ID , LOCATION_TYPE_ID , COVER , IMAGE_SLIDE , RATING) VALUES ( 5 , '38.0533165' , '46.2782006' , 'location5' , 'description5' , 'address5' , '{s1:1}' , 2 , 1 , 'FALSE' , 0 , 0)
INSERT INTO LOCATION ( ID , LATITUDE , LONGITUDE , NAME , DESCRIPTION , ADDRESS , ADDITIONAL_DATA , CITY_ID , LOCATION_TYPE_ID , COVER , IMAGE_SLIDE , RATING) VALUES ( 6 , '38.0533891' , '46.2875186' , 'location6' , 'description6' , 'address6' , '{s1:2}' , 2 , 1 , 'FALSE' , 0 , 0)

INSERT INTO LOCATION ( ID , LATITUDE , LONGITUDE , NAME , DESCRIPTION , ADDRESS , ADDITIONAL_DATA , CITY_ID , LOCATION_TYPE_ID , COVER , IMAGE_SLIDE , RATING) VALUES( 36 , '35.68983' , '51.44597' , 'location36' , 'description36' , 'address36' , '{s1:2}' , 1 , 1 , 'FALSE' , 0 , 0 )
INSERT INTO LOCATION ( ID , LATITUDE , LONGITUDE , NAME , DESCRIPTION , ADDRESS , ADDITIONAL_DATA , CITY_ID , LOCATION_TYPE_ID , COVER , IMAGE_SLIDE , RATING) VALUES( 37 , '35.67845' , '51.44682' , 'location37' , 'description37' , 'address37' , '{s1:2}' , 1 , 1 , 'FALSE' , 0 , 0 )
INSERT INTO LOCATION ( ID , LATITUDE , LONGITUDE , NAME , DESCRIPTION , ADDRESS , ADDITIONAL_DATA , CITY_ID , LOCATION_TYPE_ID , COVER , IMAGE_SLIDE , RATING) VALUES( 50 , '35.72483' , '51.44388' , 'location50' , 'description50' , 'address50' , '{s1:2}' , 1 , 1 , 'FALSE' , 0 , 0 )
INSERT INTO LOCATION ( ID , LATITUDE , LONGITUDE , NAME , DESCRIPTION , ADDRESS , ADDITIONAL_DATA , CITY_ID , LOCATION_TYPE_ID , COVER , IMAGE_SLIDE , RATING) VALUES( 51 , '35.70705' , '51.43407' , 'location51' , 'description51' , 'address51' , '{s1:2}' , 1 , 1 , 'FALSE' , 0 , 0 )
INSERT INTO LOCATION ( ID , LATITUDE , LONGITUDE , NAME , DESCRIPTION , ADDRESS , ADDITIONAL_DATA , CITY_ID , LOCATION_TYPE_ID , COVER , IMAGE_SLIDE , RATING) VALUES( 52 , '35.71137' , '51.43695' , 'location52' , 'description52' , 'address52' , '{s1:2}' , 1 , 1 , 'FALSE' , 0 , 0 )
INSERT INTO LOCATION ( ID , LATITUDE , LONGITUDE , NAME , DESCRIPTION , ADDRESS , ADDITIONAL_DATA , CITY_ID , LOCATION_TYPE_ID , COVER , IMAGE_SLIDE , RATING) VALUES( 59 , '35.68148' , '51.438' , 'location59' , 'description59' , 'address59' , '{s1:2}' , 1 , 1 , 'FALSE' , 0 , 0 )
INSERT INTO LOCATION ( ID , LATITUDE , LONGITUDE , NAME , DESCRIPTION , ADDRESS , ADDITIONAL_DATA , CITY_ID , LOCATION_TYPE_ID , COVER , IMAGE_SLIDE , RATING) VALUES( 72 , '35.70277' , '51.44788' , 'location72' , 'description72' , 'address72' , '{s1:2}' , 1 , 1 , 'FALSE' , 0 , 0 )
INSERT INTO LOCATION ( ID , LATITUDE , LONGITUDE , NAME , DESCRIPTION , ADDRESS , ADDITIONAL_DATA , CITY_ID , LOCATION_TYPE_ID , COVER , IMAGE_SLIDE , RATING) VALUES( 76 , '35.69522' , '51.44742' , 'location76' , 'description76' , 'address76' , '{s1:2}' , 1 , 1 , 'FALSE' , 0 , 0 )
INSERT INTO LOCATION ( ID , LATITUDE , LONGITUDE , NAME , DESCRIPTION , ADDRESS , ADDITIONAL_DATA , CITY_ID , LOCATION_TYPE_ID , COVER , IMAGE_SLIDE , RATING) VALUES( 77 , '35.65694' , '51.44444' , 'location77' , 'description77' , 'address77' , '{s1:2}' , 1 , 1 , 'FALSE' , 0 , 0 )
INSERT INTO LOCATION ( ID , LATITUDE , LONGITUDE , NAME , DESCRIPTION , ADDRESS , ADDITIONAL_DATA , CITY_ID , LOCATION_TYPE_ID , COVER , IMAGE_SLIDE , RATING) VALUES( 78 , '35.68618' , '51.4305' , 'location78' , 'description78' , 'address78' , '{s1:2}' , 1 , 1 , 'FALSE' , 0 , 0 )
INSERT INTO LOCATION ( ID , LATITUDE , LONGITUDE , NAME , DESCRIPTION , ADDRESS , ADDITIONAL_DATA , CITY_ID , LOCATION_TYPE_ID , COVER , IMAGE_SLIDE , RATING) VALUES( 84 , '35.66417' , '51.43889' , 'location84' , 'description84' , 'address84' , '{s1:2}' , 1 , 1 , 'FALSE' , 0 , 0 )
INSERT INTO LOCATION ( ID , LATITUDE , LONGITUDE , NAME , DESCRIPTION , ADDRESS , ADDITIONAL_DATA , CITY_ID , LOCATION_TYPE_ID , COVER , IMAGE_SLIDE , RATING) VALUES( 86 , '35.71978' , '51.47465' , 'location86' , 'description86' , 'address86' , '{s1:2}' , 1 , 1 , 'FALSE' , 0 , 0 )
INSERT INTO LOCATION ( ID , LATITUDE , LONGITUDE , NAME , DESCRIPTION , ADDRESS , ADDITIONAL_DATA , CITY_ID , LOCATION_TYPE_ID , COVER , IMAGE_SLIDE , RATING) VALUES( 87 , '35.71265' , '51.4834' , 'location87' , 'description87' , 'address87' , '{s1:2}' , 1 , 1 , 'FALSE' , 0 , 0 )
INSERT INTO LOCATION ( ID , LATITUDE , LONGITUDE , NAME , DESCRIPTION , ADDRESS , ADDITIONAL_DATA , CITY_ID , LOCATION_TYPE_ID , COVER , IMAGE_SLIDE , RATING) VALUES( 88 , '35.6922' , '51.47897' , 'location88' , 'description88' , 'address88' , '{s1:2}' , 1 , 1 , 'FALSE' , 0 , 0 )
INSERT INTO LOCATION ( ID , LATITUDE , LONGITUDE , NAME , DESCRIPTION , ADDRESS , ADDITIONAL_DATA , CITY_ID , LOCATION_TYPE_ID , COVER , IMAGE_SLIDE , RATING) VALUES( 89 , '35.7071' , '51.46582' , 'location89' , 'description89' , 'address89' , '{s1:2}' , 1 , 1 , 'FALSE' , 0 , 0 )
INSERT INTO LOCATION ( ID , LATITUDE , LONGITUDE , NAME , DESCRIPTION , ADDRESS , ADDITIONAL_DATA , CITY_ID , LOCATION_TYPE_ID , COVER , IMAGE_SLIDE , RATING) VALUES( 92 , '35.69252' , '51.42618' , 'location92' , 'description92' , 'address92' , '{s1:2}' , 1 , 1 , 'FALSE' , 0 , 0 )
INSERT INTO LOCATION ( ID , LATITUDE , LONGITUDE , NAME , DESCRIPTION , ADDRESS , ADDITIONAL_DATA , CITY_ID , LOCATION_TYPE_ID , COVER , IMAGE_SLIDE , RATING) VALUES( 93 , '35.70845' , '51.47123' , 'location93' , 'description93' , 'address93' , '{s1:2}' , 1 , 1 , 'FALSE' , 0 , 0 )
INSERT INTO LOCATION ( ID , LATITUDE , LONGITUDE , NAME , DESCRIPTION , ADDRESS , ADDITIONAL_DATA , CITY_ID , LOCATION_TYPE_ID , COVER , IMAGE_SLIDE , RATING) VALUES( 102 , '35.73925' , '51.46638' , 'location102' , 'description102' , 'address102' , '{s1:2}' , 1 , 1 , 'FALSE' , 0 , 0 )
INSERT INTO LOCATION ( ID , LATITUDE , LONGITUDE , NAME , DESCRIPTION , ADDRESS , ADDITIONAL_DATA , CITY_ID , LOCATION_TYPE_ID , COVER , IMAGE_SLIDE , RATING) VALUES( 103 , '35.7292' , '51.4541' , 'location103' , 'description103' , 'address103' , '{s1:2}' , 1 , 1 , 'FALSE' , 0 , 0 )
INSERT INTO LOCATION ( ID , LATITUDE , LONGITUDE , NAME , DESCRIPTION , ADDRESS , ADDITIONAL_DATA , CITY_ID , LOCATION_TYPE_ID , COVER , IMAGE_SLIDE , RATING) VALUES( 104 , '35.7174' , '51.45595' , 'location104' , 'description104' , 'address104' , '{s1:2}' , 1 , 1 , 'FALSE' , 0 , 0 )
INSERT INTO LOCATION ( ID , LATITUDE , LONGITUDE , NAME , DESCRIPTION , ADDRESS , ADDITIONAL_DATA , CITY_ID , LOCATION_TYPE_ID , COVER , IMAGE_SLIDE , RATING) VALUES( 105 , '35.7064' , '51.44457' , 'location105' , 'description105' , 'address105' , '{s1:2}' , 1 , 1 , 'FALSE' , 0 , 0 )
INSERT INTO LOCATION ( ID , LATITUDE , LONGITUDE , NAME , DESCRIPTION , ADDRESS , ADDITIONAL_DATA , CITY_ID , LOCATION_TYPE_ID , COVER , IMAGE_SLIDE , RATING) VALUES( 106 , '35.71942' , '51.4638' , 'location106' , 'description106' , 'address106' , '{s1:2}' , 1 , 1 , 'FALSE' , 0 , 0 )
INSERT INTO LOCATION ( ID , LATITUDE , LONGITUDE , NAME , DESCRIPTION , ADDRESS , ADDITIONAL_DATA , CITY_ID , LOCATION_TYPE_ID , COVER , IMAGE_SLIDE , RATING) VALUES( 115 , '35.69037' , '51.46132' , 'location115' , 'description115' , 'address115' , '{s1:2}' , 1 , 1 , 'FALSE' , 0 , 0 )
INSERT INTO LOCATION ( ID , LATITUDE , LONGITUDE , NAME , DESCRIPTION , ADDRESS , ADDITIONAL_DATA , CITY_ID , LOCATION_TYPE_ID , COVER , IMAGE_SLIDE , RATING) VALUES( 116 , '35.68182' , '51.45253' , 'location116' , 'description116' , 'address116' , '{s1:2}' , 1 , 1 , 'FALSE' , 0 , 0 )
INSERT INTO LOCATION ( ID , LATITUDE , LONGITUDE , NAME , DESCRIPTION , ADDRESS , ADDITIONAL_DATA , CITY_ID , LOCATION_TYPE_ID , COVER , IMAGE_SLIDE , RATING) VALUES( 117 , '35.68465' , '51.46203' , 'location117' , 'description117' , 'address117' , '{s1:2}' , 1 , 1 , 'FALSE' , 0 , 0 )
INSERT INTO LOCATION ( ID , LATITUDE , LONGITUDE , NAME , DESCRIPTION , ADDRESS , ADDITIONAL_DATA , CITY_ID , LOCATION_TYPE_ID , COVER , IMAGE_SLIDE , RATING) VALUES( 118 , '35.69012' , '51.43652' , 'location118' , 'description118' , 'address118' , '{s1:2}' , 1 , 1 , 'FALSE' , 0 , 0 )
INSERT INTO LOCATION ( ID , LATITUDE , LONGITUDE , NAME , DESCRIPTION , ADDRESS , ADDITIONAL_DATA , CITY_ID , LOCATION_TYPE_ID , COVER , IMAGE_SLIDE , RATING) VALUES( 119 , '35.7141286115653' , '51.5006104599533' , 'location119' , 'description119' , 'address119' , '{s1:2}' , 1 , 1 , 'FALSE' , 0 , 0 )
INSERT INTO LOCATION ( ID , LATITUDE , LONGITUDE , NAME , DESCRIPTION , ADDRESS , ADDITIONAL_DATA , CITY_ID , LOCATION_TYPE_ID , COVER , IMAGE_SLIDE , RATING) VALUES( 124 , '35.66556' , '51.44444' , 'location124' , 'description124' , 'address124' , '{s1:2}' , 1 , 1 , 'FALSE' , 0 , 0 )
INSERT INTO LOCATION ( ID , LATITUDE , LONGITUDE , NAME , DESCRIPTION , ADDRESS , ADDITIONAL_DATA , CITY_ID , LOCATION_TYPE_ID , COVER , IMAGE_SLIDE , RATING) VALUES( 126 , '35.6714' , '51.44613' , 'location126' , 'description126' , 'address126' , '{s1:2}' , 1 , 1 , 'FALSE' , 0 , 0 )
INSERT INTO LOCATION ( ID , LATITUDE , LONGITUDE , NAME , DESCRIPTION , ADDRESS , ADDITIONAL_DATA , CITY_ID , LOCATION_TYPE_ID , COVER , IMAGE_SLIDE , RATING) VALUES( 130 , '35.70172' , '51.4384' , 'location130' , 'description130' , 'address130' , '{s1:2}' , 1 , 1 , 'FALSE' , 0 , 0 )
INSERT INTO LOCATION ( ID , LATITUDE , LONGITUDE , NAME , DESCRIPTION , ADDRESS , ADDITIONAL_DATA , CITY_ID , LOCATION_TYPE_ID , COVER , IMAGE_SLIDE , RATING) VALUES( 131 , '35.69123' , '51.43203' , 'location131' , 'description131' , 'address131' , '{s1:2}' , 1 , 1 , 'FALSE' , 0 , 0 )
INSERT INTO LOCATION ( ID , LATITUDE , LONGITUDE , NAME , DESCRIPTION , ADDRESS , ADDITIONAL_DATA , CITY_ID , LOCATION_TYPE_ID , COVER , IMAGE_SLIDE , RATING) VALUES( 133 , '35.72042' , '51.51006' , 'location133' , 'description133' , 'address133' , '{s1:2}' , 1 , 1 , 'FALSE' , 0 , 0 )
INSERT INTO LOCATION ( ID , LATITUDE , LONGITUDE , NAME , DESCRIPTION , ADDRESS , ADDITIONAL_DATA , CITY_ID , LOCATION_TYPE_ID , COVER , IMAGE_SLIDE , RATING) VALUES( 135 , '35.7214' , '51.46532' , 'location135' , 'description135' , 'address135' , '{s1:2}' , 1 , 1 , 'FALSE' , 0 , 0 )
INSERT INTO LOCATION ( ID , LATITUDE , LONGITUDE , NAME , DESCRIPTION , ADDRESS , ADDITIONAL_DATA , CITY_ID , LOCATION_TYPE_ID , COVER , IMAGE_SLIDE , RATING) VALUES( 151 , '35.72015' , '51.49203' , 'location151' , 'description151' , 'address151' , '{s1:2}' , 1 , 1 , 'FALSE' , 0 , 0 )
INSERT INTO LOCATION ( ID , LATITUDE , LONGITUDE , NAME , DESCRIPTION , ADDRESS , ADDITIONAL_DATA , CITY_ID , LOCATION_TYPE_ID , COVER , IMAGE_SLIDE , RATING) VALUES( 159 , '35.771' , '51.787' , 'location159' , 'description159' , 'address159' , '{s1:2}' , 1 , 1 , 'FALSE' , 0 , 0 )
INSERT INTO LOCATION ( ID , LATITUDE , LONGITUDE , NAME , DESCRIPTION , ADDRESS , ADDITIONAL_DATA , CITY_ID , LOCATION_TYPE_ID , COVER , IMAGE_SLIDE , RATING) VALUES( 164 , '35.71645' , '51.44003' , 'location164' , 'description164' , 'address164' , '{s1:2}' , 1 , 1 , 'FALSE' , 0 , 0 )
INSERT INTO LOCATION ( ID , LATITUDE , LONGITUDE , NAME , DESCRIPTION , ADDRESS , ADDITIONAL_DATA , CITY_ID , LOCATION_TYPE_ID , COVER , IMAGE_SLIDE , RATING) VALUES( 166 , '35.73535' , '51.5292' , 'location166' , 'description166' , 'address166' , '{s1:2}' , 1 , 1 , 'FALSE' , 0 , 0 )
INSERT INTO LOCATION ( ID , LATITUDE , LONGITUDE , NAME , DESCRIPTION , ADDRESS , ADDITIONAL_DATA , CITY_ID , LOCATION_TYPE_ID , COVER , IMAGE_SLIDE , RATING) VALUES( 167 , '35.69767' , '51.48707' , 'location167' , 'description167' , 'address167' , '{s1:2}' , 1 , 1 , 'FALSE' , 0 , 0 )
INSERT INTO LOCATION ( ID , LATITUDE , LONGITUDE , NAME , DESCRIPTION , ADDRESS , ADDITIONAL_DATA , CITY_ID , LOCATION_TYPE_ID , COVER , IMAGE_SLIDE , RATING) VALUES( 219 , '35.69167' , '51.43242' , 'location219' , 'description219' , 'address219' , '{s1:2}' , 1 , 1 , 'FALSE' , 0 , 0 )
INSERT INTO LOCATION ( ID , LATITUDE , LONGITUDE , NAME , DESCRIPTION , ADDRESS , ADDITIONAL_DATA , CITY_ID , LOCATION_TYPE_ID , COVER , IMAGE_SLIDE , RATING) VALUES( 225 , '35.70328' , '51.4506' , 'location225' , 'description225' , 'address225' , '{s1:2}' , 1 , 1 , 'FALSE' , 0 , 0 )
INSERT INTO LOCATION ( ID , LATITUDE , LONGITUDE , NAME , DESCRIPTION , ADDRESS , ADDITIONAL_DATA , CITY_ID , LOCATION_TYPE_ID , COVER , IMAGE_SLIDE , RATING) VALUES( 228 , '35.69722' , '51.42937' , 'location228' , 'description228' , 'address228' , '{s1:2}' , 1 , 1 , 'FALSE' , 0 , 0 )
INSERT INTO LOCATION ( ID , LATITUDE , LONGITUDE , NAME , DESCRIPTION , ADDRESS , ADDITIONAL_DATA , CITY_ID , LOCATION_TYPE_ID , COVER , IMAGE_SLIDE , RATING) VALUES( 243 , '35.70178' , '51.43362' , 'location243' , 'description243' , 'address243' , '{s1:2}' , 1 , 1 , 'FALSE' , 0 , 0 )
INSERT INTO LOCATION ( ID , LATITUDE , LONGITUDE , NAME , DESCRIPTION , ADDRESS , ADDITIONAL_DATA , CITY_ID , LOCATION_TYPE_ID , COVER , IMAGE_SLIDE , RATING) VALUES( 245 , '35.69378' , '51.43083' , 'location245' , 'description245' , 'address245' , '{s1:2}' , 1 , 1 , 'FALSE' , 0 , 0 )
INSERT INTO LOCATION ( ID , LATITUDE , LONGITUDE , NAME , DESCRIPTION , ADDRESS , ADDITIONAL_DATA , CITY_ID , LOCATION_TYPE_ID , COVER , IMAGE_SLIDE , RATING) VALUES( 249 , '35.65428' , '51.49557' , 'location249' , 'description249' , 'address249' , '{s1:2}' , 1 , 1 , 'FALSE' , 0 , 0 )
INSERT INTO LOCATION ( ID , LATITUDE , LONGITUDE , NAME , DESCRIPTION , ADDRESS , ADDITIONAL_DATA , CITY_ID , LOCATION_TYPE_ID , COVER , IMAGE_SLIDE , RATING) VALUES( 250 , '35.65738' , '51.4949' , 'location250' , 'description250' , 'address250' , '{s1:2}' , 1 , 1 , 'FALSE' , 0 , 0 )
INSERT INTO LOCATION ( ID , LATITUDE , LONGITUDE , NAME , DESCRIPTION , ADDRESS , ADDITIONAL_DATA , CITY_ID , LOCATION_TYPE_ID , COVER , IMAGE_SLIDE , RATING) VALUES( 251 , '35.69438' , '51.49285' , 'location251' , 'description251' , 'address251' , '{s1:2}' , 1 , 1 , 'FALSE' , 0 , 0 )
INSERT INTO LOCATION ( ID , LATITUDE , LONGITUDE , NAME , DESCRIPTION , ADDRESS , ADDITIONAL_DATA , CITY_ID , LOCATION_TYPE_ID , COVER , IMAGE_SLIDE , RATING) VALUES( 253 , '35.73318' , '51.54292' , 'location253' , 'description253' , 'address253' , '{s1:2}' , 1 , 1 , 'FALSE' , 0 , 0 )
INSERT INTO LOCATION ( ID , LATITUDE , LONGITUDE , NAME , DESCRIPTION , ADDRESS , ADDITIONAL_DATA , CITY_ID , LOCATION_TYPE_ID , COVER , IMAGE_SLIDE , RATING) VALUES( 255 , '35.7387' , '51.49027' , 'location255' , 'description255' , 'address255' , '{s1:2}' , 1 , 1 , 'FALSE' , 0 , 0 )
INSERT INTO LOCATION ( ID , LATITUDE , LONGITUDE , NAME , DESCRIPTION , ADDRESS , ADDITIONAL_DATA , CITY_ID , LOCATION_TYPE_ID , COVER , IMAGE_SLIDE , RATING) VALUES( 256 , '35.72588' , '51.52453' , 'location256' , 'description256' , 'address256' , '{s1:2}' , 1 , 1 , 'FALSE' , 0 , 0 )
INSERT INTO LOCATION ( ID , LATITUDE , LONGITUDE , NAME , DESCRIPTION , ADDRESS , ADDITIONAL_DATA , CITY_ID , LOCATION_TYPE_ID , COVER , IMAGE_SLIDE , RATING) VALUES( 257 , '35.7344' , '51.46238' , 'location257' , 'description257' , 'address257' , '{s1:2}' , 1 , 1 , 'FALSE' , 0 , 0 )
INSERT INTO LOCATION ( ID , LATITUDE , LONGITUDE , NAME , DESCRIPTION , ADDRESS , ADDITIONAL_DATA , CITY_ID , LOCATION_TYPE_ID , COVER , IMAGE_SLIDE , RATING) VALUES( 258 , '35.732' , '51.52212' , 'location258' , 'description258' , 'address258' , '{s1:2}' , 1 , 1 , 'FALSE' , 0 , 0 )
INSERT INTO LOCATION ( ID , LATITUDE , LONGITUDE , NAME , DESCRIPTION , ADDRESS , ADDITIONAL_DATA , CITY_ID , LOCATION_TYPE_ID , COVER , IMAGE_SLIDE , RATING) VALUES( 260 , '35.75028' , '51.53745' , 'location260' , 'description260' , 'address260' , '{s1:2}' , 1 , 1 , 'FALSE' , 0 , 0 )
INSERT INTO LOCATION ( ID , LATITUDE , LONGITUDE , NAME , DESCRIPTION , ADDRESS , ADDITIONAL_DATA , CITY_ID , LOCATION_TYPE_ID , COVER , IMAGE_SLIDE , RATING) VALUES( 261 , '35.7999' , '51.52942' , 'location261' , 'description261' , 'address261' , '{s1:2}' , 1 , 1 , 'FALSE' , 0 , 0 )
INSERT INTO LOCATION ( ID , LATITUDE , LONGITUDE , NAME , DESCRIPTION , ADDRESS , ADDITIONAL_DATA , CITY_ID , LOCATION_TYPE_ID , COVER , IMAGE_SLIDE , RATING) VALUES( 262 , '35.7369' , '51.58157' , 'location262' , 'description262' , 'address262' , '{s1:2}' , 1 , 1 , 'FALSE' , 0 , 0 )
INSERT INTO LOCATION ( ID , LATITUDE , LONGITUDE , NAME , DESCRIPTION , ADDRESS , ADDITIONAL_DATA , CITY_ID , LOCATION_TYPE_ID , COVER , IMAGE_SLIDE , RATING) VALUES( 272 , '35.68435' , '51.43523' , 'location272' , 'description272' , 'address272' , '{s1:2}' , 1 , 1 , 'FALSE' , 0 , 0 )
INSERT INTO LOCATION ( ID , LATITUDE , LONGITUDE , NAME , DESCRIPTION , ADDRESS , ADDITIONAL_DATA , CITY_ID , LOCATION_TYPE_ID , COVER , IMAGE_SLIDE , RATING) VALUES( 284 , '35.7447222222222' , '51.5166305555556' , 'location284' , 'description284' , 'address284' , '{s1:2}' , 1 , 1 , 'FALSE' , 0 , 0 )
INSERT INTO LOCATION ( ID , LATITUDE , LONGITUDE , NAME , DESCRIPTION , ADDRESS , ADDITIONAL_DATA , CITY_ID , LOCATION_TYPE_ID , COVER , IMAGE_SLIDE , RATING) VALUES( 287 , '35.7071' , '51.43818' , 'location287' , 'description287' , 'address287' , '{s1:2}' , 1 , 1 , 'FALSE' , 0 , 0 )
INSERT INTO LOCATION ( ID , LATITUDE , LONGITUDE , NAME , DESCRIPTION , ADDRESS , ADDITIONAL_DATA , CITY_ID , LOCATION_TYPE_ID , COVER , IMAGE_SLIDE , RATING) VALUES( 289 , '35.7011' , '51.44532' , 'location289' , 'description289' , 'address289' , '{s1:2}' , 1 , 1 , 'FALSE' , 0 , 0 )
INSERT INTO LOCATION ( ID , LATITUDE , LONGITUDE , NAME , DESCRIPTION , ADDRESS , ADDITIONAL_DATA , CITY_ID , LOCATION_TYPE_ID , COVER , IMAGE_SLIDE , RATING) VALUES( 309 , '35.68575' , '51.44702' , 'location309' , 'description309' , 'address309' , '{s1:2}' , 1 , 1 , 'FALSE' , 0 , 0 )
INSERT INTO LOCATION ( ID , LATITUDE , LONGITUDE , NAME , DESCRIPTION , ADDRESS , ADDITIONAL_DATA , CITY_ID , LOCATION_TYPE_ID , COVER , IMAGE_SLIDE , RATING) VALUES( 332 , '35.68294' , '51.44667' , 'location332' , 'description332' , 'address332' , '{s1:2}' , 1 , 1 , 'FALSE' , 0 , 0 )
INSERT INTO LOCATION ( ID , LATITUDE , LONGITUDE , NAME , DESCRIPTION , ADDRESS , ADDITIONAL_DATA , CITY_ID , LOCATION_TYPE_ID , COVER , IMAGE_SLIDE , RATING) VALUES( 346 , '35.6794' , '51.44937' , 'location346' , 'description346' , 'address346' , '{s1:2}' , 1 , 1 , 'FALSE' , 0 , 0 )
INSERT INTO LOCATION ( ID , LATITUDE , LONGITUDE , NAME , DESCRIPTION , ADDRESS , ADDITIONAL_DATA , CITY_ID , LOCATION_TYPE_ID , COVER , IMAGE_SLIDE , RATING) VALUES( 359 , '35.71462' , '51.44855' , 'location359' , 'description359' , 'address359' , '{s1:2}' , 1 , 1 , 'FALSE' , 0 , 0 )
INSERT INTO LOCATION ( ID , LATITUDE , LONGITUDE , NAME , DESCRIPTION , ADDRESS , ADDITIONAL_DATA , CITY_ID , LOCATION_TYPE_ID , COVER , IMAGE_SLIDE , RATING) VALUES( 373 , '35.65705' , '51.484' , 'location373' , 'description373' , 'address373' , '{s1:2}' , 1 , 1 , 'FALSE' , 0 , 0 )
INSERT INTO LOCATION ( ID , LATITUDE , LONGITUDE , NAME , DESCRIPTION , ADDRESS , ADDITIONAL_DATA , CITY_ID , LOCATION_TYPE_ID , COVER , IMAGE_SLIDE , RATING) VALUES( 374 , '35.67822' , '51.49072' , 'location374' , 'description374' , 'address374' , '{s1:2}' , 1 , 1 , 'FALSE' , 0 , 0 )
INSERT INTO LOCATION ( ID , LATITUDE , LONGITUDE , NAME , DESCRIPTION , ADDRESS , ADDITIONAL_DATA , CITY_ID , LOCATION_TYPE_ID , COVER , IMAGE_SLIDE , RATING) VALUES( 375 , '35.66822' , '51.47017' , 'location375' , 'description375' , 'address375' , '{s1:2}' , 1 , 1 , 'FALSE' , 0 , 0 )
INSERT INTO LOCATION ( ID , LATITUDE , LONGITUDE , NAME , DESCRIPTION , ADDRESS , ADDITIONAL_DATA , CITY_ID , LOCATION_TYPE_ID , COVER , IMAGE_SLIDE , RATING) VALUES( 382 , '35.65917' , '51.44167' , 'location382' , 'description382' , 'address382' , '{s1:2}' , 1 , 1 , 'FALSE' , 0 , 0 )
INSERT INTO LOCATION ( ID , LATITUDE , LONGITUDE , NAME , DESCRIPTION , ADDRESS , ADDITIONAL_DATA , CITY_ID , LOCATION_TYPE_ID , COVER , IMAGE_SLIDE , RATING) VALUES( 383 , '35.66683' , '51.46062' , 'location383' , 'description383' , 'address383' , '{s1:2}' , 1 , 1 , 'FALSE' , 0 , 0 )
INSERT INTO LOCATION ( ID , LATITUDE , LONGITUDE , NAME , DESCRIPTION , ADDRESS , ADDITIONAL_DATA , CITY_ID , LOCATION_TYPE_ID , COVER , IMAGE_SLIDE , RATING) VALUES( 386 , '35.68503' , '51.46683' , 'location386' , 'description386' , 'address386' , '{s1:2}' , 1 , 1 , 'FALSE' , 0 , 0 )
INSERT INTO LOCATION ( ID , LATITUDE , LONGITUDE , NAME , DESCRIPTION , ADDRESS , ADDITIONAL_DATA , CITY_ID , LOCATION_TYPE_ID , COVER , IMAGE_SLIDE , RATING) VALUES( 404 , '35.65556' , '51.44861' , 'location404' , 'description404' , 'address404' , '{s1:2}' , 1 , 1 , 'FALSE' , 0 , 0 )
INSERT INTO LOCATION ( ID , LATITUDE , LONGITUDE , NAME , DESCRIPTION , ADDRESS , ADDITIONAL_DATA , CITY_ID , LOCATION_TYPE_ID , COVER , IMAGE_SLIDE , RATING) VALUES( 405 , '35.65857' , '51.46775' , 'location405' , 'description405' , 'address405' , '{s1:2}' , 1 , 1 , 'FALSE' , 0 , 0 )
INSERT INTO LOCATION ( ID , LATITUDE , LONGITUDE , NAME , DESCRIPTION , ADDRESS , ADDITIONAL_DATA , CITY_ID , LOCATION_TYPE_ID , COVER , IMAGE_SLIDE , RATING) VALUES( 408 , '35.63167' , '51.48694' , 'location408' , 'description408' , 'address408' , '{s1:2}' , 1 , 1 , 'FALSE' , 0 , 0 )
INSERT INTO LOCATION ( ID , LATITUDE , LONGITUDE , NAME , DESCRIPTION , ADDRESS , ADDITIONAL_DATA , CITY_ID , LOCATION_TYPE_ID , COVER , IMAGE_SLIDE , RATING) VALUES( 409 , '35.66083' , '51.45611' , 'location409' , 'description409' , 'address409' , '{s1:2}' , 1 , 1 , 'FALSE' , 0 , 0 )
INSERT INTO LOCATION ( ID , LATITUDE , LONGITUDE , NAME , DESCRIPTION , ADDRESS , ADDITIONAL_DATA , CITY_ID , LOCATION_TYPE_ID , COVER , IMAGE_SLIDE , RATING) VALUES( 412 , '35.66808' , '51.44982' , 'location412' , 'description412' , 'address412' , '{s1:2}' , 1 , 1 , 'FALSE' , 0 , 0 )
INSERT INTO LOCATION ( ID , LATITUDE , LONGITUDE , NAME , DESCRIPTION , ADDRESS , ADDITIONAL_DATA , CITY_ID , LOCATION_TYPE_ID , COVER , IMAGE_SLIDE , RATING) VALUES( 415 , '35.64972' , '51.48917' , 'location415' , 'description415' , 'address415' , '{s1:2}' , 1 , 1 , 'FALSE' , 0 , 0 )
INSERT INTO LOCATION ( ID , LATITUDE , LONGITUDE , NAME , DESCRIPTION , ADDRESS , ADDITIONAL_DATA , CITY_ID , LOCATION_TYPE_ID , COVER , IMAGE_SLIDE , RATING) VALUES( 416 , '35.6474' , '51.49142' , 'location416' , 'description416' , 'address416' , '{s1:2}' , 1 , 1 , 'FALSE' , 0 , 0 )
INSERT INTO LOCATION ( ID , LATITUDE , LONGITUDE , NAME , DESCRIPTION , ADDRESS , ADDITIONAL_DATA , CITY_ID , LOCATION_TYPE_ID , COVER , IMAGE_SLIDE , RATING) VALUES( 425 , '35.71583' , '51.46608' , 'location425' , 'description425' , 'address425' , '{s1:2}' , 1 , 1 , 'FALSE' , 0 , 0 )
INSERT INTO LOCATION ( ID , LATITUDE , LONGITUDE , NAME , DESCRIPTION , ADDRESS , ADDITIONAL_DATA , CITY_ID , LOCATION_TYPE_ID , COVER , IMAGE_SLIDE , RATING) VALUES( 426 , '35.68813' , '51.47913' , 'location426' , 'description426' , 'address426' , '{s1:2}' , 1 , 1 , 'FALSE' , 0 , 0 )
INSERT INTO LOCATION ( ID , LATITUDE , LONGITUDE , NAME , DESCRIPTION , ADDRESS , ADDITIONAL_DATA , CITY_ID , LOCATION_TYPE_ID , COVER , IMAGE_SLIDE , RATING) VALUES( 443 , '35.69208' , '51.48275' , 'location443' , 'description443' , 'address443' , '{s1:2}' , 1 , 1 , 'FALSE' , 0 , 0 )
INSERT INTO LOCATION ( ID , LATITUDE , LONGITUDE , NAME , DESCRIPTION , ADDRESS , ADDITIONAL_DATA , CITY_ID , LOCATION_TYPE_ID , COVER , IMAGE_SLIDE , RATING) VALUES( 445 , '35.72595' , '51.4649' , 'location445' , 'description445' , 'address445' , '{s1:2}' , 1 , 1 , 'FALSE' , 0 , 0 )
INSERT INTO LOCATION ( ID , LATITUDE , LONGITUDE , NAME , DESCRIPTION , ADDRESS , ADDITIONAL_DATA , CITY_ID , LOCATION_TYPE_ID , COVER , IMAGE_SLIDE , RATING) VALUES( 456 , '35.68882' , '51.48645' , 'location456' , 'description456' , 'address456' , '{s1:2}' , 1 , 1 , 'FALSE' , 0 , 0 )
INSERT INTO LOCATION ( ID , LATITUDE , LONGITUDE , NAME , DESCRIPTION , ADDRESS , ADDITIONAL_DATA , CITY_ID , LOCATION_TYPE_ID , COVER , IMAGE_SLIDE , RATING) VALUES( 482 , '35.6778' , '51.48057' , 'location482' , 'description482' , 'address482' , '{s1:2}' , 1 , 1 , 'FALSE' , 0 , 0 )
INSERT INTO LOCATION ( ID , LATITUDE , LONGITUDE , NAME , DESCRIPTION , ADDRESS , ADDITIONAL_DATA , CITY_ID , LOCATION_TYPE_ID , COVER , IMAGE_SLIDE , RATING) VALUES( 490 , '35.71098' , '51.48575' , 'location490' , 'description490' , 'address490' , '{s1:2}' , 1 , 1 , 'FALSE' , 0 , 0 )
INSERT INTO LOCATION ( ID , LATITUDE , LONGITUDE , NAME , DESCRIPTION , ADDRESS , ADDITIONAL_DATA , CITY_ID , LOCATION_TYPE_ID , COVER , IMAGE_SLIDE , RATING) VALUES( 491 , '35.73057' , '51.48113' , 'location491' , 'description491' , 'address491' , '{s1:2}' , 1 , 1 , 'FALSE' , 0 , 0 )
INSERT INTO LOCATION ( ID , LATITUDE , LONGITUDE , NAME , DESCRIPTION , ADDRESS , ADDITIONAL_DATA , CITY_ID , LOCATION_TYPE_ID , COVER , IMAGE_SLIDE , RATING) VALUES( 492 , '35.71713' , '51.48495' , 'location492' , 'description492' , 'address492' , '{s1:2}' , 1 , 1 , 'FALSE' , 0 , 0 )
INSERT INTO LOCATION ( ID , LATITUDE , LONGITUDE , NAME , DESCRIPTION , ADDRESS , ADDITIONAL_DATA , CITY_ID , LOCATION_TYPE_ID , COVER , IMAGE_SLIDE , RATING) VALUES( 493 , '35.69922' , '51.49088' , 'location493' , 'description493' , 'address493' , '{s1:2}' , 1 , 1 , 'FALSE' , 0 , 0 )
INSERT INTO LOCATION ( ID , LATITUDE , LONGITUDE , NAME , DESCRIPTION , ADDRESS , ADDITIONAL_DATA , CITY_ID , LOCATION_TYPE_ID , COVER , IMAGE_SLIDE , RATING) VALUES( 495 , '35.73002' , '51.48657' , 'location495' , 'description495' , 'address495' , '{s1:2}' , 1 , 1 , 'FALSE' , 0 , 0 )
INSERT INTO LOCATION ( ID , LATITUDE , LONGITUDE , NAME , DESCRIPTION , ADDRESS , ADDITIONAL_DATA , CITY_ID , LOCATION_TYPE_ID , COVER , IMAGE_SLIDE , RATING) VALUES( 496 , '35.71623' , '51.49627' , 'location496' , 'description496' , 'address496' , '{s1:2}' , 1 , 1 , 'FALSE' , 0 , 0 )
INSERT INTO LOCATION ( ID , LATITUDE , LONGITUDE , NAME , DESCRIPTION , ADDRESS , ADDITIONAL_DATA , CITY_ID , LOCATION_TYPE_ID , COVER , IMAGE_SLIDE , RATING) VALUES( 497 , '35.69217' , '51.49107' , 'location497' , 'description497' , 'address497' , '{s1:2}' , 1 , 1 , 'FALSE' , 0 , 0 )
INSERT INTO LOCATION ( ID , LATITUDE , LONGITUDE , NAME , DESCRIPTION , ADDRESS , ADDITIONAL_DATA , CITY_ID , LOCATION_TYPE_ID , COVER , IMAGE_SLIDE , RATING) VALUES( 502 , '35.73402' , '51.46895' , 'location502' , 'description502' , 'address502' , '{s1:2}' , 1 , 1 , 'FALSE' , 0 , 0 )
INSERT INTO LOCATION ( ID , LATITUDE , LONGITUDE , NAME , DESCRIPTION , ADDRESS , ADDITIONAL_DATA , CITY_ID , LOCATION_TYPE_ID , COVER , IMAGE_SLIDE , RATING) VALUES( 506 , '35.723' , '51.528' , 'location506' , 'description506' , 'address506' , '{s1:2}' , 1 , 1 , 'FALSE' , 0 , 0 )
INSERT INTO LOCATION ( ID , LATITUDE , LONGITUDE , NAME , DESCRIPTION , ADDRESS , ADDITIONAL_DATA , CITY_ID , LOCATION_TYPE_ID , COVER , IMAGE_SLIDE , RATING) VALUES( 515 , '35.73515' , '51.4983' , 'location515' , 'description515' , 'address515' , '{s1:2}' , 1 , 1 , 'FALSE' , 0 , 0 )
INSERT INTO LOCATION ( ID , LATITUDE , LONGITUDE , NAME , DESCRIPTION , ADDRESS , ADDITIONAL_DATA , CITY_ID , LOCATION_TYPE_ID , COVER , IMAGE_SLIDE , RATING) VALUES( 525 , '35.73007' , '51.49463' , 'location525' , 'description525' , 'address525' , '{s1:2}' , 1 , 1 , 'FALSE' , 0 , 0 )
INSERT INTO LOCATION ( ID , LATITUDE , LONGITUDE , NAME , DESCRIPTION , ADDRESS , ADDITIONAL_DATA , CITY_ID , LOCATION_TYPE_ID , COVER , IMAGE_SLIDE , RATING) VALUES( 526 , '35.6954' , '51.44114' , 'location526' , 'description526' , 'address526' , '{s1:2}' , 1 , 1 , 'FALSE' , 0 , 0 )
INSERT INTO LOCATION ( ID , LATITUDE , LONGITUDE , NAME , DESCRIPTION , ADDRESS , ADDITIONAL_DATA , CITY_ID , LOCATION_TYPE_ID , COVER , IMAGE_SLIDE , RATING) VALUES( 527 , '35.73662' , '51.49523' , 'location527' , 'description527' , 'address527' , '{s1:2}' , 1 , 1 , 'FALSE' , 0 , 0 )
INSERT INTO LOCATION ( ID , LATITUDE , LONGITUDE , NAME , DESCRIPTION , ADDRESS , ADDITIONAL_DATA , CITY_ID , LOCATION_TYPE_ID , COVER , IMAGE_SLIDE , RATING) VALUES( 534 , '35.7532361111111' , '51.5098730555556' , 'location534' , 'description534' , 'address534' , '{s1:2}' , 1 , 1 , 'FALSE' , 0 , 0 )
INSERT INTO LOCATION ( ID , LATITUDE , LONGITUDE , NAME , DESCRIPTION , ADDRESS , ADDITIONAL_DATA , CITY_ID , LOCATION_TYPE_ID , COVER , IMAGE_SLIDE , RATING) VALUES( 540 , '35.72707' , '51.5204' , 'location540' , 'description540' , 'address540' , '{s1:2}' , 1 , 1 , 'FALSE' , 0 , 0 )
INSERT INTO LOCATION ( ID , LATITUDE , LONGITUDE , NAME , DESCRIPTION , ADDRESS , ADDITIONAL_DATA , CITY_ID , LOCATION_TYPE_ID , COVER , IMAGE_SLIDE , RATING) VALUES( 547 , '35.67333' , '51.43889' , 'location547' , 'description547' , 'address547' , '{s1:2}' , 1 , 1 , 'FALSE' , 0 , 0 )
INSERT INTO LOCATION ( ID , LATITUDE , LONGITUDE , NAME , DESCRIPTION , ADDRESS , ADDITIONAL_DATA , CITY_ID , LOCATION_TYPE_ID , COVER , IMAGE_SLIDE , RATING) VALUES( 549 , '35.72477' , '51.535' , 'location549' , 'description549' , 'address549' , '{s1:2}' , 1 , 1 , 'FALSE' , 0 , 0 )
INSERT INTO LOCATION ( ID , LATITUDE , LONGITUDE , NAME , DESCRIPTION , ADDRESS , ADDITIONAL_DATA , CITY_ID , LOCATION_TYPE_ID , COVER , IMAGE_SLIDE , RATING) VALUES( 620 , '35.82315' , '51.63073' , 'location620' , 'description620' , 'address620' , '{s1:2}' , 1 , 1 , 'FALSE' , 0 , 0 )
INSERT INTO LOCATION ( ID , LATITUDE , LONGITUDE , NAME , DESCRIPTION , ADDRESS , ADDITIONAL_DATA , CITY_ID , LOCATION_TYPE_ID , COVER , IMAGE_SLIDE , RATING) VALUES( 622 , '35.95328' , '51.48977' , 'location622' , 'description622' , 'address622' , '{s1:2}' , 1 , 1 , 'FALSE' , 0 , 0 )
INSERT INTO LOCATION ( ID , LATITUDE , LONGITUDE , NAME , DESCRIPTION , ADDRESS , ADDITIONAL_DATA , CITY_ID , LOCATION_TYPE_ID , COVER , IMAGE_SLIDE , RATING) VALUES( 706 , '35.73718' , '51.91447' , 'location706' , 'description706' , 'address706' , '{s1:2}' , 1 , 1 , 'FALSE' , 0 , 0 )
INSERT INTO LOCATION ( ID , LATITUDE , LONGITUDE , NAME , DESCRIPTION , ADDRESS , ADDITIONAL_DATA , CITY_ID , LOCATION_TYPE_ID , COVER , IMAGE_SLIDE , RATING) VALUES( 707 , '35.72342' , '51.91773' , 'location707' , 'description707' , 'address707' , '{s1:2}' , 1 , 1 , 'FALSE' , 0 , 0 )
INSERT INTO LOCATION ( ID , LATITUDE , LONGITUDE , NAME , DESCRIPTION , ADDRESS , ADDITIONAL_DATA , CITY_ID , LOCATION_TYPE_ID , COVER , IMAGE_SLIDE , RATING) VALUES( 710 , '35.73175' , '51.86457' , 'location710' , 'description710' , 'address710' , '{s1:2}' , 1 , 1 , 'FALSE' , 0 , 0 )
INSERT INTO LOCATION ( ID , LATITUDE , LONGITUDE , NAME , DESCRIPTION , ADDRESS , ADDITIONAL_DATA , CITY_ID , LOCATION_TYPE_ID , COVER , IMAGE_SLIDE , RATING) VALUES( 711 , '35.746' , '51.80507' , 'location711' , 'description711' , 'address711' , '{s1:2}' , 1 , 1 , 'FALSE' , 0 , 0 )
INSERT INTO LOCATION ( ID , LATITUDE , LONGITUDE , NAME , DESCRIPTION , ADDRESS , ADDITIONAL_DATA , CITY_ID , LOCATION_TYPE_ID , COVER , IMAGE_SLIDE , RATING) VALUES( 713 , '35.73013' , '51.87615' , 'location713' , 'description713' , 'address713' , '{s1:2}' , 1 , 1 , 'FALSE' , 0 , 0 )
